{"test-order-1": {"result": null, "created_at": 1776236659.4955728, "expires_at": 1776323059.4955728, "metadata": {}}, "compat-alias-1": {"result": null, "created_at": 1776236659.7391446, "expires_at": 1776323059.7391446, "metadata": {}}, "binance-BTC/USDT:USDT-b-1776236662294-acec6e82": {"result": null, "created_at": 1776236662.2946727, "expires_at": 1776323062.2946727, "metadata": {}}, "binance-BTC/USDT:USDT-b-1776236685989-76367146": {"result": null, "created_at": 1776236685.9893873, "expires_at": 1776323085.9893873, "metadata": {}}, "binance-BTC/USDT-b-1776253719235-f3540062": {"result": null, "created_at": 1776253719.235187, "expires_at": 1776340119.235187, "metadata": {}}, "binance-BTC/USDT:USDT-b-1776265625692-a9645aa6": {"result": null, "created_at": 1776265625.6923108, "expires_at": 1776352025.6923108, "metadata": {}}}