{"auto-BTC/USDT-b-1777196151020-77a71c3c": {"result": null, "created_at": 1777196151.0204449, "expires_at": 1777282551.0204449, "metadata": {}}, "auto-BTC/USDT-b-1777196151030-230fc769": {"result": null, "created_at": 1777196151.030551, "expires_at": 1777282551.030551, "metadata": {}}, "test_idem_001": {"result": null, "created_at": 1777196157.643201, "expires_at": 1777282557.643201, "metadata": {}}, "binance-BTC/USDT-b-1777196158208-19dc6e14": {"result": null, "created_at": 1777196158.2084742, "expires_at": 1777282558.2084742, "metadata": {}}, "binance-BTC/USDT-b-1777196158222-cf983a1f": {"result": null, "created_at": 1777196158.222517, "expires_at": 1777282558.222517, "metadata": {}}, "binance-BTC/USDT-b-1777196158234-47da62a7": {"result": null, "created_at": 1777196158.2348921, "expires_at": 1777282558.2348921, "metadata": {}}, "binance-BTC/USDT-b-1777196158245-70c2cfaf": {"result": null, "created_at": 1777196158.2453928, "expires_at": 1777282558.2453928, "metadata": {}}, "binance-BTC/USDT-b-1777196158255-f123199f": {"result": null, "created_at": 1777196158.255776, "expires_at": 1777282558.255776, "metadata": {}}}