{"test-order-1": {"result": null, "created_at": 1775985286.681069, "expires_at": 1776071686.681069, "metadata": {}}, "compat-alias-1": {"result": null, "created_at": 1775985287.0452874, "expires_at": 1776071687.0452874, "metadata": {}}, "binance-BTC/USDT:USDT-b-1775985289632-364c82c8": {"result": null, "created_at": 1775985289.6328943, "expires_at": 1776071689.6328943, "metadata": {}}, "binance-BTC/USDT:USDT-b-1775985339440-309b8cdc": {"result": null, "created_at": 1775985339.4401252, "expires_at": 1776071739.4401252, "metadata": {}}, "binance-BTC/USDT:USDT-b-1775985375524-7f6e278e": {"result": null, "created_at": 1775985375.5250037, "expires_at": 1776071775.5250037, "metadata": {}}, "binance-BTC/USDT:USDT-b-1775985460859-16ab63a1": {"result": null, "created_at": 1775985460.8598921, "expires_at": 1776071860.8598921, "metadata": {}}, "auto-BTC/USDT-b-1775985474071-58ed89b8": {"result": null, "created_at": 1775985474.0711048, "expires_at": 1776071874.0711048, "metadata": {}}, "auto-BTC/USDT-b-1775985474104-2096fc2f": {"result": null, "created_at": 1775985474.1046255, "expires_at": 1776071874.1046255, "metadata": {}}, "test_idem_001": {"result": null, "created_at": 1775985481.059038, "expires_at": 1776071881.059038, "metadata": {}}, "binance-BTC/USDT:USDT-b-1775985545545-2fe53cd2": {"result": null, "created_at": 1775985545.5457425, "expires_at": 1776071945.5457425, "metadata": {}}, "auto-BTC/USDT-b-1775985558129-a93f2757": {"result": null, "created_at": 1775985558.1290758, "expires_at": 1776071958.1290758, "metadata": {}}, "auto-BTC/USDT-b-1775985558158-11a396bb": {"result": null, "created_at": 1775985558.1589935, "expires_at": 1776071958.1589935, "metadata": {}}, "binance-BTC/USDT-b-1775985565791-5431a9fc": {"result": null, "created_at": 1775985565.7920215, "expires_at": 1776071965.7920215, "metadata": {}}, "binance-BTC/USDT-b-1775985565817-e4ca4084": {"result": null, "created_at": 1775985565.8172176, "expires_at": 1776071965.8172176, "metadata": {}}, "binance-BTC/USDT-b-1775985565842-361bd6b0": {"result": null, "created_at": 1775985565.8424685, "expires_at": 1776071965.8424685, "metadata": {}}, "binance-BTC/USDT-b-1775985565869-9cdfd114": {"result": null, "created_at": 1775985565.8691468, "expires_at": 1776071965.8691468, "metadata": {}}, "binance-BTC/USDT-b-1775985565894-900c15c4": {"result": null, "created_at": 1775985565.8949666, "expires_at": 1776071965.8949666, "metadata": {}}, "binance-BTC/USDT:USDT-b-1775986829829-b2721964": {"result": null, "created_at": 1775986829.8291857, "expires_at": 1776073229.8291857, "metadata": {}}, "auto-BTC/USDT-b-1775986843134-6006f3d5": {"result": null, "created_at": 1775986843.1347544, "expires_at": 1776073243.1347544, "metadata": {}}, "auto-BTC/USDT-b-1775986843198-5a0101cd": {"result": null, "created_at": 1775986843.1980648, "expires_at": 1776073243.1980648, "metadata": {}}, "binance-BTC/USDT-b-1775986850973-1e1a3fba": {"result": null, "created_at": 1775986850.9739957, "expires_at": 1776073250.9739957, "metadata": {}}, "binance-BTC/USDT-b-1775986851001-988c348f": {"result": null, "created_at": 1775986851.0012171, "expires_at": 1776073251.0012171, "metadata": {}}, "binance-BTC/USDT-b-1775986851029-f045e171": {"result": null, "created_at": 1775986851.0291343, "expires_at": 1776073251.0291343, "metadata": {}}, "binance-BTC/USDT-b-1775986851057-081a7a0e": {"result": null, "created_at": 1775986851.057095, "expires_at": 1776073251.057095, "metadata": {}}, "binance-BTC/USDT-b-1775986851085-a6384e4c": {"result": null, "created_at": 1775986851.0850534, "expires_at": 1776073251.0850534, "metadata": {}}, "binance-BTC/USDT:USDT-b-1775987670651-d6aab89c": {"result": null, "created_at": 1775987670.6511316, "expires_at": 1776074070.6511316, "metadata": {}}, "auto-BTC/USDT-b-1775987683482-3154aa7e": {"result": null, "created_at": 1775987683.4829988, "expires_at": 1776074083.4829988, "metadata": {}}, "auto-BTC/USDT-b-1775987683543-3b115155": {"result": null, "created_at": 1775987683.5439775, "expires_at": 1776074083.5439775, "metadata": {}}, "binance-BTC/USDT-b-1775987691255-e8a4c97f": {"result": null, "created_at": 1775987691.2551477, "expires_at": 1776074091.2551477, "metadata": {}}, "binance-BTC/USDT-b-1775987691281-a36ff0ad": {"result": null, "created_at": 1775987691.2815723, "expires_at": 1776074091.2815723, "metadata": {}}, "binance-BTC/USDT-b-1775987691308-2f9e0f12": {"result": null, "created_at": 1775987691.3083518, "expires_at": 1776074091.3083518, "metadata": {}}, "binance-BTC/USDT-b-1775987691335-46a7e1f3": {"result": null, "created_at": 1775987691.335629, "expires_at": 1776074091.335629, "metadata": {}}, "binance-BTC/USDT-b-1775987691361-d9d84139": {"result": null, "created_at": 1775987691.3619676, "expires_at": 1776074091.3619676, "metadata": {}}, "binance-BTC/USDT:USDT-b-1775990135487-b6dbe1c2": {"result": null, "created_at": 1775990135.4879904, "expires_at": 1776076535.4879904, "metadata": {}}, "auto-BTC/USDT-b-1775990148715-f052c2e6": {"result": null, "created_at": 1775990148.715486, "expires_at": 1776076548.715486, "metadata": {}}, "auto-BTC/USDT-b-1775990148760-353011f2": {"result": null, "created_at": 1775990148.760535, "expires_at": 1776076548.760535, "metadata": {}}, "binance-BTC/USDT-b-1775990156620-3d1b5d09": {"result": null, "created_at": 1775990156.620693, "expires_at": 1776076556.620693, "metadata": {}}, "binance-BTC/USDT-b-1775990156648-ca86a41e": {"result": null, "created_at": 1775990156.6486053, "expires_at": 1776076556.6486053, "metadata": {}}, "binance-BTC/USDT-b-1775990156677-53b412fe": {"result": null, "created_at": 1775990156.6770465, "expires_at": 1776076556.6770465, "metadata": {}}, "binance-BTC/USDT-b-1775990156706-b34809b3": {"result": null, "created_at": 1775990156.706207, "expires_at": 1776076556.706207, "metadata": {}}, "binance-BTC/USDT-b-1775990156734-5287dbe1": {"result": null, "created_at": 1775990156.734366, "expires_at": 1776076556.734366, "metadata": {}}, "binance-BTC/USDT:USDT-b-1775993831418-275a41f2": {"result": null, "created_at": 1775993831.41886, "expires_at": 1776080231.41886, "metadata": {}}, "auto-BTC/USDT-b-1775993844141-c7c1617c": {"result": null, "created_at": 1775993844.1420178, "expires_at": 1776080244.1420178, "metadata": {}}, "auto-BTC/USDT-b-1775993844183-4606511c": {"result": null, "created_at": 1775993844.1838832, "expires_at": 1776080244.1838832, "metadata": {}}, "binance-BTC/USDT-b-1775993851861-0c516a99": {"result": null, "created_at": 1775993851.861302, "expires_at": 1776080251.861302, "metadata": {}}, "binance-BTC/USDT-b-1775993851898-4344e817": {"result": null, "created_at": 1775993851.8984041, "expires_at": 1776080251.8984041, "metadata": {}}, "binance-BTC/USDT-b-1775993851932-42b841eb": {"result": null, "created_at": 1775993851.9321878, "expires_at": 1776080251.9321878, "metadata": {}}, "binance-BTC/USDT-b-1775993851963-6af2ace6": {"result": null, "created_at": 1775993851.9636178, "expires_at": 1776080251.9636178, "metadata": {}}, "binance-BTC/USDT-b-1775993851999-0c5a615a": {"result": null, "created_at": 1775993851.999444, "expires_at": 1776080251.999444, "metadata": {}}, "binance-BTC/USDT:USDT-b-1775995370425-417b6bfb": {"result": null, "created_at": 1775995370.425544, "expires_at": 1776081770.425544, "metadata": {}}, "binance-BTC/USDT:USDT-b-1775995487757-31e89367": {"result": null, "created_at": 1775995487.7572234, "expires_at": 1776081887.7572234, "metadata": {}}, "auto-BTC/USDT-b-1775995500619-58c1863d": {"result": null, "created_at": 1775995500.6199315, "expires_at": 1776081900.6199315, "metadata": {}}, "auto-BTC/USDT-b-1775995500654-bb303ad1": {"result": null, "created_at": 1775995500.6544404, "expires_at": 1776081900.6544404, "metadata": {}}, "binance-BTC/USDT-b-1775995508436-730677e5": {"result": null, "created_at": 1775995508.4362333, "expires_at": 1776081908.4362333, "metadata": {}}, "binance-BTC/USDT-b-1775995508463-a39d6e94": {"result": null, "created_at": 1775995508.4632514, "expires_at": 1776081908.4632514, "metadata": {}},