{"test-order-1": {"result": null, "created_at": 1775650330.727887, "expires_at": 1775736730.727887, "metadata": {}}, "compat-alias-1": {"result": null, "created_at": 1775650331.0427399, "expires_at": 1775736731.0427399, "metadata": {}}, "binance-BTC/USDT:USDT-b-1775650333003-ba0f2544": {"result": null, "created_at": 1775650333.0035233, "expires_at": 1775736733.0035233, "metadata": {}}, "auto-BTC/USDT-b-1775650340424-2c51a1a8": {"result": null, "created_at": 1775650340.4249387, "expires_at": 1775736740.4249387, "metadata": {}}, "auto-BTC/USDT-b-1775650340450-32d1e3ae": {"result": null, "created_at": 1775650340.4508088, "expires_at": 1775736740.4508088, "metadata": {}}, "test_idem_001": {"result": null, "created_at": 1775650347.4148812, "expires_at": 1775736747.4148812, "metadata": {}}, "binance-BTC/USDT-b-1775650348062-4374924b": {"result": null, "created_at": 1775650348.0628958, "expires_at": 1775736748.0628958, "metadata": {}}, "binance-BTC/USDT-b-1775650348079-83606bf6": {"result": null, "created_at": 1775650348.0790954, "expires_at": 1775736748.0790954, "metadata": {}}, "binance-BTC/USDT-b-1775650348094-605b7eca": {"result": null, "created_at": 1775650348.0948837, "expires_at": 1775736748.0948837, "metadata": {}}, "binance-BTC/USDT-b-1775650348110-3d105633": {"result": null, "created_at": 1775650348.110559, "expires_at": 1775736748.110559, "metadata": {}}, "binance-BTC/USDT-b-1775650348132-4df0a9c7": {"result": null, "created_at": 1775650348.13231, "expires_at": 1775736748.13231, "metadata": {}}, "binance-BTC/USDT:USDT-b-1775652470787-95081103": {"result": null, "created_at": 1775652470.7873821, "expires_at": 1775738870.7873821, "metadata": {}}, "auto-BTC/USDT-b-1775652478945-5a8f0c2f": {"result": null, "created_at": 1775652478.9453971, "expires_at": 1775738878.9453971, "metadata": {}}, "auto-BTC/USDT-b-1775652478969-051239d1": {"result": null, "created_at": 1775652478.9694223, "expires_at": 1775738878.9694223, "metadata": {}}, "binance-BTC/USDT-b-1775652486755-a64356f0": {"result": null, "created_at": 1775652486.755046, "expires_at": 1775738886.755046, "metadata": {}}, "binance-BTC/USDT-b-1775652486786-00e557fa": {"result": null, "created_at": 1775652486.786686, "expires_at": 1775738886.786686, "metadata": {}}, "binance-BTC/USDT-b-1775652486818-4be875a8": {"result": null, "created_at": 1775652486.818562, "expires_at": 1775738886.818562, "metadata": {}}, "binance-BTC/USDT-b-1775652486849-c46438ef": {"result": null, "created_at": 1775652486.8499358, "expires_at": 1775738886.8499358, "metadata": {}}, "binance-BTC/USDT-b-1775652486871-a51c298c": {"result": null, "created_at": 1775652486.871106, "expires_at": 1775738886.871106, "metadata": {}}, "binance-BTC/USDT:USDT-b-1775652556646-b6edf25a": {"result": null, "created_at": 1775652556.6462028, "expires_at": 1775738956.6462028, "metadata": {}}, "auto-BTC/USDT-b-1775652564086-63e78c42": {"result": null, "created_at": 1775652564.0861886, "expires_at": 1775738964.0861886, "metadata": {}}, "auto-BTC/USDT-b-1775652564109-e330cca3": {"result": null, "created_at": 1775652564.1099966, "expires_at": 1775738964.1099966, "metadata": {}}, "binance-BTC/USDT-b-1775652571719-c2318e21": {"result": null, "created_at": 1775652571.7191606, "expires_at": 1775738971.7191606, "metadata": {}}, "binance-BTC/USDT-b-1775652571736-9e8e1663": {"result": null, "created_at": 1775652571.7361743, "expires_at": 1775738971.7361743, "metadata": {}}, "binance-BTC/USDT-b-1775652571753-c51e5246": {"result": null, "created_at": 1775652571.7535508, "expires_at": 1775738971.7535508, "metadata": {}}, "binance-BTC/USDT-b-1775652571770-9c5a5d71": {"result": null, "created_at": 1775652571.7706258, "expires_at": 1775738971.7706258, "metadata": {}}, "binance-BTC/USDT-b-1775652571787-c203cef6": {"result": null, "created_at": 1775652571.7877402, "expires_at": 1775738971.7877402, "metadata": {}}}