{"binance-BTC/USDT:USDT-b-1775724141613-55ec7048": {"result": null, "created_at": 1775724141.6130579, "expires_at": 1775810541.6130579, "metadata": {}}, "auto-BTC/USDT-b-1775724152959-f9ca9432": {"result": null, "created_at": 1775724152.959681, "expires_at": 1775810552.959681, "metadata": {}}, "auto-BTC/USDT-b-1775724152983-db806d0b": {"result": null, "created_at": 1775724152.983243, "expires_at": 1775810552.983243, "metadata": {}}, "binance-BTC/USDT-b-1775724160653-05ed23d2": {"result": null, "created_at": 1775724160.6535313, "expires_at": 1775810560.6535313, "metadata": {}}, "binance-BTC/USDT-b-1775724160672-ab2b40b8": {"result": null, "created_at": 1775724160.6726456, "expires_at": 1775810560.6726456, "metadata": {}}, "binance-BTC/USDT-b-1775724160691-285e9716": {"result": null, "created_at": 1775724160.6914759, "expires_at": 1775810560.6914759, "metadata": {}}, "binance-BTC/USDT-b-1775724160710-76c71a49": {"result": null, "created_at": 1775724160.710265, "expires_at": 1775810560.710265, "metadata": {}}, "binance-BTC/USDT-b-1775724160729-d749bf45": {"result": null, "created_at": 1775724160.7295575, "expires_at": 1775810560.7295575, "metadata": {}}, "binance-BTC/USDT:USDT-b-1775724185503-c2691ef6": {"result": null, "created_at": 1775724185.5039947, "expires_at": 1775810585.5039947, "metadata": {}}, "auto-BTC/USDT-b-1775724194399-96868fd6": {"result": null, "created_at": 1775724194.3998194, "expires_at": 1775810594.3998194, "metadata": {}}, "auto-BTC/USDT-b-1775724194421-6a964743": {"result": null, "created_at": 1775724194.4214048, "expires_at": 1775810594.4214048, "metadata": {}}, "binance-BTC/USDT-b-1775724201898-6a7c694f": {"result": null, "created_at": 1775724201.898398, "expires_at": 1775810601.898398, "metadata": {}}, "binance-BTC/USDT-b-1775724201917-9c3c182a": {"result": null, "created_at": 1775724201.9173868, "expires_at": 1775810601.9173868, "metadata": {}}, "binance-BTC/USDT-b-1775724201936-36ad66f9": {"result": null, "created_at": 1775724201.9364245, "expires_at": 1775810601.9364245, "metadata": {}}, "binance-BTC/USDT-b-1775724201957-6286775f": {"result": null, "created_at": 1775724201.9580176, "expires_at": 1775810601.9580176, "metadata": {}}, "binance-BTC/USDT-b-1775724201978-0cdb976b": {"result": null, "created_at": 1775724201.9785733, "expires_at": 1775810601.9785733, "metadata": {}}, "binance-BTC/USDT:USDT-b-1775724880126-6da664ad": {"result": null, "created_at": 1775724880.1264002, "expires_at": 1775811280.1264002, "metadata": {}}, "auto-BTC/USDT-b-1775724889594-1d91abee": {"result": null, "created_at": 1775724889.5943553, "expires_at": 1775811289.5943553, "metadata": {}}, "auto-BTC/USDT-b-1775724889618-abf6284e": {"result": null, "created_at": 1775724889.618447, "expires_at": 1775811289.618447, "metadata": {}}, "binance-BTC/USDT-b-1775724897072-d3526ea3": {"result": null, "created_at": 1775724897.0722413, "expires_at": 1775811297.0722413, "metadata": {}}, "binance-BTC/USDT-b-1775724897091-823b181d": {"result": null, "created_at": 1775724897.091111, "expires_at": 1775811297.091111, "metadata": {}}, "binance-BTC/USDT-b-1775724897116-493f4a2b": {"result": null, "created_at": 1775724897.1169114, "expires_at": 1775811297.1169114, "metadata": {}}, "binance-BTC/USDT-b-1775724897136-1f9f69d3": {"result": null, "created_at": 1775724897.1362941, "expires_at": 1775811297.1362941, "metadata": {}}, "binance-BTC/USDT-b-1775724897156-ecbb3953": {"result": null, "created_at": 1775724897.1565645, "expires_at": 1775811297.1565645, "metadata": {}}, "binance-BTC/USDT:USDT-b-1775725984625-68020d2a": {"result": null, "created_at": 1775725984.6254013, "expires_at": 1775812384.6254013, "metadata": {}}, "auto-BTC/USDT-b-1775725994090-5fa9b910": {"result": null, "created_at": 1775725994.0910034, "expires_at": 1775812394.0910034, "metadata": {}}, "auto-BTC/USDT-b-1775725994117-c5b70f79": {"result": null, "created_at": 1775725994.1172826, "expires_at": 1775812394.1172826, "metadata": {}}, "binance-BTC/USDT-b-1775726001664-729001ea": {"result": null, "created_at": 1775726001.6648996, "expires_at": 1775812401.6648996, "metadata": {}}, "binance-BTC/USDT-b-1775726001684-51cf6b90": {"result": null, "created_at": 1775726001.6850238, "expires_at": 1775812401.6850238, "metadata": {}}, "binance-BTC/USDT-b-1775726001704-56cb0191": {"result": null, "created_at": 1775726001.704373, "expires_at": 1775812401.704373, "metadata": {}}, "binance-BTC/USDT-b-1775726001919-beb097e6": {"result": null, "created_at": 1775726001.9199326, "expires_at": 1775812401.9199326, "metadata": {}}, "binance-BTC/USDT-b-1775726001949-efd97e1f": {"result": null, "created_at": 1775726001.949391, "expires_at": 1775812401.949391, "metadata": {}}, "binance-BTC/USDT-b-1775740407556-c378f6f8": {"result": null, "created_at": 1775740407.5564208, "expires_at": 1775826807.5564208, "metadata": {}}, "auto-BTC/USDT-b-1775740409923-49094142": {"result": null, "created_at": 1775740409.923105, "expires_at": 1775826809.923105, "metadata": {}}, "auto-BTC/USDT-b-1775740409952-bb7b7cb4": {"result": null, "created_at": 1775740409.952117, "expires_at": 1775826809.952117, "metadata": {}}, "test_idem_001": {"result": null, "created_at": 1775740416.8598707, "expires_at": 1775826816.8598707, "metadata": {}}, "binance-BTC/USDT-b-1775740417772-bea5a26c": {"result": null, "created_at": 1775740417.772926, "expires_at": 1775826817.772926, "metadata": {}}, "binance-BTC/USDT-b-1775740417798-c886ea43": {"result": null, "created_at": 1775740417.7986798, "expires_at": 1775826817.7986798, "metadata": {}}, "binance-BTC/USDT-b-1775740417824-da589def": {"result": null, "created_at": 1775740417.8244846, "expires_at": 1775826817.8244846, "metadata": {}}, "binance-BTC/USDT-b-1775740417850-e4851a2e": {"result": null, "created_at": 1775740417.8500535, "expires_at": 1775826817.8500535, "metadata": {}}, "binance-BTC/USDT-b-1775740417876-bbf541eb": {"result": null, "created_at": 1775740417.8770065, "expires_at": 1775826817.8770065, "metadata": {}}, "test-order-1": {"result": null, "created_at": 1775750417.1806307, "expires_at": 1775836817.1806307, "metadata": {}}, "compat-alias-1": {"result": null, "created_at": 1775750417.5157413, "expires_at": 1775836817.5157413, "metadata": {}}, "binance-BTC/USDT:USDT-b-1775750504335-e58d7686": {"result": null, "created_at": 1775750504.3353057, "expires_at": 1775836904.3353057, "metadata": {}}, "auto-BTC/USDT-b-1775750517719-dc4babf4": {"result": null, "created_at": 1775750517.7198982, "expires_at": 1775836917.7198982, "metadata": {}}, "auto-BTC/USDT-b-1775750517743-6d1d0afd": {"result": null, "created_at": 1775750517.743728, "expires_at": 1775836917.743728, "metadata": {}}, "binance-BTC/USDT-b-1775750525529-27449d46": {"result": null, "created_at": 1775750525.5299885, "expires_at": 1775836925.5299885, "metadata": {}}, "binance-BTC/USDT-b-1775750525556-933bf123": {"result": null, "created_at": 1775750525.5565715, "expires_at": 1775836925.5565715, "metadata": {}}, "binance-BTC/USDT-b-1775750525582-405ad5e3": {"result": null, "created_at": 1775750525.5824556, "expires_at": 1775836925.5824556, "metadata": {}}, "binance-BTC/USDT-b-1775750525617-7add4e3e": {"result": null, "created_at": 1775750525.617504, "expires_at": 1775836925.617504, "metadata": {}}, "binance-BTC/USDT-b-1775750525645-84c69de4": {"result": null, "created_at": 1775750525.645199, "expires_at": 1775836925.645199, "metadata": {}}, "binance-BTC/USDT-b-1775751105236-daa64764": {"result": null, "created_at": 1775751105.23635, "expires_at": 1775837505.23635, "metadata": {}}, "binance-BTC/USDT:USDT-b-1775751114711-9a8f8dfc": {"result": null, "created_at": 1775751114.71176, "expires_at": 1775837514.71176, "metadata": {}}, "auto-BTC/USDT-b-1775751126497-ef37bf90": {"result": null, "created_at": 1775751126.497177, "expires_at": 1775837526.497177, "metadata": {}}, "auto-BTC/USDT-b-1775751126520-de0366ed": {"result": null, "created_at": 1775751126.5208929, "expires_at": 1775837526.5208929, "metadata": {}},